-- MySQL Script generated by MySQL Workbench
-- 11/01/16 14:22:33
-- Model: New Model    Version: 1.0
-- MySQL Workbench Forward Engineering

SET @OLD_UNIQUE_CHECKS=@@UNIQUE_CHECKS, UNIQUE_CHECKS=0;
SET @OLD_FOREIGN_KEY_CHECKS=@@FOREIGN_KEY_CHECKS, FOREIGN_KEY_CHECKS=0;
SET @OLD_SQL_MODE=@@SQL_MODE, SQL_MODE='TRADITIONAL,ALLOW_INVALID_DATES';

-- -----------------------------------------------------
-- Schema mydb
-- -----------------------------------------------------

-- -----------------------------------------------------
-- Schema mydb
-- -----------------------------------------------------
CREATE SCHEMA IF NOT EXISTS `mydb` DEFAULT CHARACTER SET utf8 ;
USE `mydb` ;

-- -----------------------------------------------------
-- Table `mydb`.`Spreker`
-- -----------------------------------------------------
DROP TABLE IF EXISTS `mydb`.`Spreker` ;

CREATE TABLE IF NOT EXISTS `mydb`.`Spreker` (
  `idSpreker` INT NULL AUTO_INCREMENT,
  `onderwerp` VARCHAR(45) NULL,
  `wensen` VARCHAR(45) NULL,
  `voorkeurSloten` VARCHAR(45) NULL,
  `toegewezenSloten` VARCHAR(45) NULL,
  `naam` VARCHAR(45) NULL,
  `tussenvoegsel` VARCHAR(45) NULL,
  `achternaam` VARCHAR(45) NULL,
  `email` VARCHAR(45) NULL,
  `rol` VARCHAR(45) NULL,
  `idMaaltijd` INT NULL,
  PRIMARY KEY (`idSpreker`))
ENGINE = InnoDB;


-- -----------------------------------------------------
-- Table `mydb`.`Aanvragen`
-- -----------------------------------------------------
DROP TABLE IF EXISTS `mydb`.`Aanvragen` ;

CREATE TABLE IF NOT EXISTS `mydb`.`Aanvragen` (
  `idSlot` INT NOT NULL AUTO_INCREMENT,
  `idSpreker` INT NOT NULL,
  `onderwerpSlot` VARCHAR(45) NULL,
  `zaalNummer` VARCHAR(45) NULL,
  `beginTijd` VARCHAR(45) NULL,
  `eindTijd` VARCHAR(45) NULL,
  `keuzeType` VARCHAR(45) NULL,
  `datum` DATETIME NULL,
  `naam` VARCHAR(45) NULL,
  `tussenvoegsel` VARCHAR(45) NULL,
  `achternaam` VARCHAR(45) NULL,
  PRIMARY KEY (`idSlot`),
  INDEX `FK_TijdslotSpreker_idx` (`idSpreker` ASC),
  CONSTRAINT `FK_TijdslotSpreker`
    FOREIGN KEY (`idSpreker`)
    REFERENCES `mydb`.`Spreker` (`idSpreker`)
    ON DELETE NO ACTION
    ON UPDATE NO ACTION)
ENGINE = InnoDB;


-- -----------------------------------------------------
-- Table `mydb`.`Agenda`
-- -----------------------------------------------------
DROP TABLE IF EXISTS `mydb`.`Agenda` ;

CREATE TABLE IF NOT EXISTS `mydb`.`Agenda` (
  `idSlot` INT NOT NULL,
  `idSpreker` INT NULL,
  `onderwerpSlot` VARCHAR(45) NULL,
  `zaalNummer` VARCHAR(45) NULL,
  `beginTijd` VARCHAR(45) NULL,
  `eindTijd` VARCHAR(45) NULL,
  PRIMARY KEY (`idSlot`))
ENGINE = InnoDB;


-- -----------------------------------------------------
-- Table `mydb`.`Bestelling`
-- -----------------------------------------------------
DROP TABLE IF EXISTS `mydb`.`Bestelling` ;

CREATE TABLE IF NOT EXISTS `mydb`.`Bestelling` (
  `ticketID` INT NOT NULL AUTO_INCREMENT,
  `hashCode` VARCHAR(45) NULL,
  `QRCode` VARCHAR(45) NULL,
  `ticketType` VARCHAR(45) NULL,
  `email` VARCHAR(45) NULL,
  `totaalAantalTickets` VARCHAR(45) NULL,
  PRIMARY KEY (`ticketID`))
ENGINE = InnoDB;


-- -----------------------------------------------------
-- Table `mydb`.`Maaltijd`
-- -----------------------------------------------------
DROP TABLE IF EXISTS `mydb`.`Maaltijd` ;

CREATE TABLE IF NOT EXISTS `mydb`.`Maaltijd` (
  `idMaaltijd` INT NULL AUTO_INCREMENT,
  `ticketID` INT NULL,
  `lunchVrijdag` INT NULL,
  `lunchZaterdag` INT NULL,
  `dinerZaterdag` INT NULL,
  `lunchZondag` INT NULL,
  `dinerZondag` INT NULL,
  `idSpreker` INT NULL,
  PRIMARY KEY (`idMaaltijd`),
  INDEX `FK_MaltijdTickets_idx` (`ticketID` ASC),
  CONSTRAINT `FK_MaaltijdTickets`
    FOREIGN KEY (`ticketID`)
    REFERENCES `mydb`.`Bestelling` (`ticketID`)
    ON DELETE CASCADE
    ON UPDATE CASCADE)
ENGINE = InnoDB;


-- -----------------------------------------------------
-- Table `mydb`.`Activegebruikers`
-- -----------------------------------------------------
DROP TABLE IF EXISTS `mydb`.`Activegebruikers` ;

CREATE TABLE IF NOT EXISTS `mydb`.`Activegebruikers` (
  `ticketID` INT NOT NULL,
  `incheckTijd` DATETIME NOT NULL,
  `aantalGebruikersBinnen` INT NULL,
  `email` VARCHAR(45) NOT NULL)
ENGINE = InnoDB;


-- -----------------------------------------------------
-- Table `mydb`.`Bestellingen`
-- -----------------------------------------------------
DROP TABLE IF EXISTS `mydb`.`Bestellingen` ;

CREATE TABLE IF NOT EXISTS `mydb`.`Bestellingen` (
  `ticketType` VARCHAR(45) NULL,
  `prijs` VARCHAR(45) NULL,
  `aantalVrij` INT NULL)
ENGINE = InnoDB;


-- -----------------------------------------------------
-- Table `mydb`.`Login`
-- -----------------------------------------------------
DROP TABLE IF EXISTS `mydb`.`Login` ;

CREATE TABLE IF NOT EXISTS `mydb`.`Login` (
  `email` VARCHAR(45) NOT NULL,
  `wachtwoord` VARCHAR(45) NULL,
  PRIMARY KEY (`email`))
ENGINE = InnoDB;


-- -----------------------------------------------------
-- Table `mydb`.`Slot`
-- -----------------------------------------------------
DROP TABLE IF EXISTS `mydb`.`Slot` ;

CREATE TABLE IF NOT EXISTS `mydb`.`Slot` (
  `idSlot` INT NOT NULL,
  `beginTijd` VARCHAR(45) NOT NULL,
  `eindTijd` VARCHAR(45) NOT NULL,
  `Zaal` VARCHAR(45) NULL,
  `status` VARCHAR(45) NULL,
  PRIMARY KEY (`idSlot`))
ENGINE = InnoDB;


-- -----------------------------------------------------
-- Table `mydb`.`Tickets`
-- -----------------------------------------------------
DROP TABLE IF EXISTS `mydb`.`Tickets` ;

CREATE TABLE IF NOT EXISTS `mydb`.`Tickets` (
  `ticketID` INT NOT NULL AUTO_INCREMENT,
  `ticketVrijdag` INT NULL,
  `ticketZaterdag` INT NULL,
  `ticketZondag` INT NULL,
  PRIMARY KEY (`ticketID`),
  CONSTRAINT `FK_BestellingTickets`
    FOREIGN KEY (`ticketID`)
    REFERENCES `mydb`.`Bestelling` (`ticketID`)
    ON DELETE CASCADE
    ON UPDATE CASCADE)
ENGINE = InnoDB;


-- -----------------------------------------------------
-- Table `mydb`.`Maaltijden`
-- -----------------------------------------------------
DROP TABLE IF EXISTS `mydb`.`Maaltijden` ;

CREATE TABLE IF NOT EXISTS `mydb`.`Maaltijden` (
  `maaltijdType` VARCHAR(45) NULL,
  `prijs` VARCHAR(45) NULL,
  `aantalVrij` INT NULL)
ENGINE = InnoDB;


-- -----------------------------------------------------
-- Table `mydb`.`Tags`
-- -----------------------------------------------------
DROP TABLE IF EXISTS `mydb`.`Tags` ;

CREATE TABLE IF NOT EXISTS `mydb`.`Tags` (
  `id` INT NOT NULL AUTO_INCREMENT,
  `naamTag` VARCHAR(45) NULL,
  PRIMARY KEY (`id`))
ENGINE = InnoDB;


-- -----------------------------------------------------
-- Table `mydb`.`AanvraagTags`
-- -----------------------------------------------------
DROP TABLE IF EXISTS `mydb`.`AanvraagTags` ;

CREATE TABLE IF NOT EXISTS `mydb`.`AanvraagTags` (
  `idAanvraag` INT NOT NULL AUTO_INCREMENT,
  `idTags` INT NOT NULL,
  INDEX `FK_Tags_idx` (`idTags` ASC),
  INDEX `FK_AanvraagTags_idx` (`idAanvraag` ASC),
  CONSTRAINT `FK_Tags`
    FOREIGN KEY (`idTags`)
    REFERENCES `mydb`.`Tags` (`id`)
    ON DELETE CASCADE
    ON UPDATE CASCADE,
  CONSTRAINT `FK_AanvraagTags`
    FOREIGN KEY (`idAanvraag`)
    REFERENCES `mydb`.`Aanvragen` (`idSlot`)
    ON DELETE CASCADE
    ON UPDATE CASCADE)
ENGINE = InnoDB;


-- -----------------------------------------------------
-- Table `mydb`.`FeestUitnodiging`
-- -----------------------------------------------------
DROP TABLE IF EXISTS `mydb`.`FeestUitnodiging` ;

CREATE TABLE IF NOT EXISTS `mydb`.`FeestUitnodiging` (
  `id` INT NOT NULL AUTO_INCREMENT,
  `email` VARCHAR(45) NULL,
  `maxAantalTickets` VARCHAR(45) NULL,
  PRIMARY KEY (`id`))
ENGINE = InnoDB;


-- -----------------------------------------------------
-- Table `mydb`.`FeestPlaatsen`
-- -----------------------------------------------------
DROP TABLE IF EXISTS `mydb`.`FeestPlaatsen` ;

CREATE TABLE IF NOT EXISTS `mydb`.`FeestPlaatsen` (
  `id` INT NOT NULL,
  `AantalVrij` VARCHAR(45) NULL,
  PRIMARY KEY (`id`))
ENGINE = InnoDB;


-- -----------------------------------------------------
-- Table `mydb`.`BestellingFeest`
-- -----------------------------------------------------
DROP TABLE IF EXISTS `mydb`.`BestellingFeest` ;

CREATE TABLE IF NOT EXISTS `mydb`.`BestellingFeest` (
  `id` INT NOT NULL AUTO_INCREMENT,
  `aantalTickets` VARCHAR(45) NULL,
  `email` VARCHAR(45) NULL,
  `gekozenSector` VARCHAR(45) NULL,
  PRIMARY KEY (`id`))
ENGINE = InnoDB;


SET SQL_MODE=@OLD_SQL_MODE;
SET FOREIGN_KEY_CHECKS=@OLD_FOREIGN_KEY_CHECKS;
SET UNIQUE_CHECKS=@OLD_UNIQUE_CHECKS;

-- -----------------------------------------------------
-- Data for table `mydb`.`Spreker`
-- -----------------------------------------------------
START TRANSACTION;
USE `mydb`;
INSERT INTO `mydb`.`Spreker` (`idSpreker`, `onderwerp`, `wensen`, `voorkeurSloten`, `toegewezenSloten`, `naam`, `tussenvoegsel`, `achternaam`, `email`, `rol`, `idMaaltijd`) VALUES (1, 'Websites', 'geen', 'geen', 'geen', 'Jan', 'de', 'man', 'jan@mail.nl', 'Spreker', 2);
INSERT INTO `mydb`.`Spreker` (`idSpreker`, `onderwerp`, `wensen`, `voorkeurSloten`, `toegewezenSloten`, `naam`, `tussenvoegsel`, `achternaam`, `email`, `rol`, `idMaaltijd`) VALUES (2, 'Nodejs', 'Beamer en whiteboard', 'geen', 'geen', 'Jochem', 'de', 'beer', 'jochem@mail.nl', 'Spreker', 3);
INSERT INTO `mydb`.`Spreker` (`idSpreker`, `onderwerp`, `wensen`, `voorkeurSloten`, `toegewezenSloten`, `naam`, `tussenvoegsel`, `achternaam`, `email`, `rol`, `idMaaltijd`) VALUES (3, 'Javascript', 'geen', 'geen', 'geen', 'Harry', 'van', '\'t veld', 'harry@mail.nl', 'Spreker', 4);
INSERT INTO `mydb`.`Spreker` (`idSpreker`, `onderwerp`, `wensen`, `voorkeurSloten`, `toegewezenSloten`, `naam`, `tussenvoegsel`, `achternaam`, `email`, `rol`, `idMaaltijd`) VALUES (4, 'MySQL', 'whiteboard', 'geen', 'geen', 'Jasmine', 'de', 'bruijn', 'jasmine@mail.nl', 'Spreker', 5);
INSERT INTO `mydb`.`Spreker` (`idSpreker`, `onderwerp`, `wensen`, `voorkeurSloten`, `toegewezenSloten`, `naam`, `tussenvoegsel`, `achternaam`, `email`, `rol`, `idMaaltijd`) VALUES (5, 'Project Planning', 'geen', 'geen', 'geen', 'Ferry', NULL, 'arkel', 'ferry@mail.nl', 'Spreker', 6);
INSERT INTO `mydb`.`Spreker` (`idSpreker`, `onderwerp`, `wensen`, `voorkeurSloten`, `toegewezenSloten`, `naam`, `tussenvoegsel`, `achternaam`, `email`, `rol`, `idMaaltijd`) VALUES (6, 'Transacties', 'Beamer', 'geen', 'geen', 'Remco', NULL, 'jansen', 'remco@mail.nl', 'Spreker', 7);
INSERT INTO `mydb`.`Spreker` (`idSpreker`, `onderwerp`, `wensen`, `voorkeurSloten`, `toegewezenSloten`, `naam`, `tussenvoegsel`, `achternaam`, `email`, `rol`, `idMaaltijd`) VALUES (7, 'Foreign Keys', 'geen', 'geen', 'geen', 'Ruben', 'de', 'wit', 'ruben@mail.nl', 'Spreker', 8);
INSERT INTO `mydb`.`Spreker` (`idSpreker`, `onderwerp`, `wensen`, `voorkeurSloten`, `toegewezenSloten`, `naam`, `tussenvoegsel`, `achternaam`, `email`, `rol`, `idMaaltijd`) VALUES (8, 'MVC', 'geen', 'geen', 'geen', 'Thomas', 'van', 'gaalen', 'thomas@mail.nl', 'Spreker', 9);
INSERT INTO `mydb`.`Spreker` (`idSpreker`, `onderwerp`, `wensen`, `voorkeurSloten`, `toegewezenSloten`, `naam`, `tussenvoegsel`, `achternaam`, `email`, `rol`, `idMaaltijd`) VALUES (9, 'Nodejs', 'whiteboard', 'geen', 'geen', 'Sebastiaan', 'den', 'Bosch', 'sebastiaan@mail.nl', 'Spreker', 10);
INSERT INTO `mydb`.`Spreker` (`idSpreker`, `onderwerp`, `wensen`, `voorkeurSloten`, `toegewezenSloten`, `naam`, `tussenvoegsel`, `achternaam`, `email`, `rol`, `idMaaltijd`) VALUES (10, 'Project starten', 'whiteboard', 'geen', 'geen', 'Jelle', 'de', 'Koning', 'jelle@mail.nl', 'Spreker', 11);

COMMIT;


-- -----------------------------------------------------
-- Data for table `mydb`.`Aanvragen`
-- -----------------------------------------------------
START TRANSACTION;
USE `mydb`;
INSERT INTO `mydb`.`Aanvragen` (`idSlot`, `idSpreker`, `onderwerpSlot`, `zaalNummer`, `beginTijd`, `eindTijd`, `keuzeType`, `datum`, `naam`, `tussenvoegsel`, `achternaam`) VALUES (1, 1, 'MEMES', '2', '15:30', '16:30', 'Eerste Keuze', '2016-10-22', 'Jan', 'de', 'Spreker');
INSERT INTO `mydb`.`Aanvragen` (`idSlot`, `idSpreker`, `onderwerpSlot`, `zaalNummer`, `beginTijd`, `eindTijd`, `keuzeType`, `datum`, `naam`, `tussenvoegsel`, `achternaam`) VALUES (49, 2, 'Nodejs', '0', NULL, NULL, 'Eerste Keuze', NULL, NULL, NULL, NULL);
INSERT INTO `mydb`.`Aanvragen` (`idSlot`, `idSpreker`, `onderwerpSlot`, `zaalNummer`, `beginTijd`, `eindTijd`, `keuzeType`, `datum`, `naam`, `tussenvoegsel`, `achternaam`) VALUES (40, 3, 'Javascript', '0', NULL, NULL, 'Eerste Keuze', NULL, NULL, NULL, NULL);
INSERT INTO `mydb`.`Aanvragen` (`idSlot`, `idSpreker`, `onderwerpSlot`, `zaalNummer`, `beginTijd`, `eindTijd`, `keuzeType`, `datum`, `naam`, `tussenvoegsel`, `achternaam`) VALUES (38, 4, 'MySQL', '0', NULL, NULL, 'Eerste Keuze', NULL, NULL, NULL, NULL);
INSERT INTO `mydb`.`Aanvragen` (`idSlot`, `idSpreker`, `onderwerpSlot`, `zaalNummer`, `beginTijd`, `eindTijd`, `keuzeType`, `datum`, `naam`, `tussenvoegsel`, `achternaam`) VALUES (70, 5, 'Project Planning', '0', NULL, NULL, 'Eerste Keuze', NULL, NULL, NULL, NULL);
INSERT INTO `mydb`.`Aanvragen` (`idSlot`, `idSpreker`, `onderwerpSlot`, `zaalNummer`, `beginTijd`, `eindTijd`, `keuzeType`, `datum`, `naam`, `tussenvoegsel`, `achternaam`) VALUES (5, 6, 'Transacties', '0', NULL, NULL, 'Eerste Keuze', NULL, NULL, NULL, NULL);
INSERT INTO `mydb`.`Aanvragen` (`idSlot`, `idSpreker`, `onderwerpSlot`, `zaalNummer`, `beginTijd`, `eindTijd`, `keuzeType`, `datum`, `naam`, `tussenvoegsel`, `achternaam`) VALUES (3, 7, 'Foreign keys', '0', NULL, NULL, 'Eerste Keuze', NULL, NULL, NULL, NULL);
INSERT INTO `mydb`.`Aanvragen` (`idSlot`, `idSpreker`, `onderwerpSlot`, `zaalNummer`, `beginTijd`, `eindTijd`, `keuzeType`, `datum`, `naam`, `tussenvoegsel`, `achternaam`) VALUES (18, 8, 'MVC', '0', NULL, NULL, 'Eerste Keuze', NULL, NULL, NULL, NULL);
INSERT INTO `mydb`.`Aanvragen` (`idSlot`, `idSpreker`, `onderwerpSlot`, `zaalNummer`, `beginTijd`, `eindTijd`, `keuzeType`, `datum`, `naam`, `tussenvoegsel`, `achternaam`) VALUES (56, 9, 'NodeJS', '0', NULL, NULL, 'Eerste Keuze', NULL, NULL, NULL, NULL);
INSERT INTO `mydb`.`Aanvragen` (`idSlot`, `idSpreker`, `onderwerpSlot`, `zaalNummer`, `beginTijd`, `eindTijd`, `keuzeType`, `datum`, `naam`, `tussenvoegsel`, `achternaam`) VALUES (23, 10, 'Project opstarten', '0', NULL, NULL, 'Eerste Keuze', NULL, NULL, NULL, NULL);

COMMIT;


-- -----------------------------------------------------
-- Data for table `mydb`.`Agenda`
-- -----------------------------------------------------
START TRANSACTION;
USE `mydb`;
INSERT INTO `mydb`.`Agenda` (`idSlot`, `idSpreker`, `onderwerpSlot`, `zaalNummer`, `beginTijd`, `eindTijd`) VALUES (1, 1, 'Websites', '1', '15:30', '16:30');

COMMIT;


-- -----------------------------------------------------
-- Data for table `mydb`.`Bestelling`
-- -----------------------------------------------------
START TRANSACTION;
USE `mydb`;
INSERT INTO `mydb`.`Bestelling` (`ticketID`, `hashCode`, `QRCode`, `ticketType`, `email`, `totaalAantalTickets`) VALUES (1, 'mooieHash', 'QRCode', 'Vrijdag', 'jan@mail.nl', NULL);

COMMIT;


-- -----------------------------------------------------
-- Data for table `mydb`.`Maaltijd`
-- -----------------------------------------------------
START TRANSACTION;
USE `mydb`;
INSERT INTO `mydb`.`Maaltijd` (`idMaaltijd`, `ticketID`, `lunchVrijdag`, `lunchZaterdag`, `dinerZaterdag`, `lunchZondag`, `dinerZondag`, `idSpreker`) VALUES (1, 1, 2, 1, 1, 1, 1, 1);
INSERT INTO `mydb`.`Maaltijd` (`idMaaltijd`, `ticketID`, `lunchVrijdag`, `lunchZaterdag`, `dinerZaterdag`, `lunchZondag`, `dinerZondag`, `idSpreker`) VALUES (2, NULL, NULL, 1, NULL, NULL, NULL, 0);
INSERT INTO `mydb`.`Maaltijd` (`idMaaltijd`, `ticketID`, `lunchVrijdag`, `lunchZaterdag`, `dinerZaterdag`, `lunchZondag`, `dinerZondag`, `idSpreker`) VALUES (3, NULL, 1, NULL, NULL, NULL, NULL, 2);
INSERT INTO `mydb`.`Maaltijd` (`idMaaltijd`, `ticketID`, `lunchVrijdag`, `lunchZaterdag`, `dinerZaterdag`, `lunchZondag`, `dinerZondag`, `idSpreker`) VALUES (4, NULL, NULL, 2, 3, NULL, NULL, 3);
INSERT INTO `mydb`.`Maaltijd` (`idMaaltijd`, `ticketID`, `lunchVrijdag`, `lunchZaterdag`, `dinerZaterdag`, `lunchZondag`, `dinerZondag`, `idSpreker`) VALUES (5, NULL, NULL, NULL, 1, NULL, NULL, 4);
INSERT INTO `mydb`.`Maaltijd` (`idMaaltijd`, `ticketID`, `lunchVrijdag`, `lunchZaterdag`, `dinerZaterdag`, `lunchZondag`, `dinerZondag`, `idSpreker`) VALUES (6, NULL, NULL, NULL, NULL, 3, NULL, 5);
INSERT INTO `mydb`.`Maaltijd` (`idMaaltijd`, `ticketID`, `lunchVrijdag`, `lunchZaterdag`, `dinerZaterdag`, `lunchZondag`, `dinerZondag`, `idSpreker`) VALUES (7, NULL, NULL, NULL, NULL, 3, NULL, 6);
INSERT INTO `mydb`.`Maaltijd` (`idMaaltijd`, `ticketID`, `lunchVrijdag`, `lunchZaterdag`, `dinerZaterdag`, `lunchZondag`, `dinerZondag`, `idSpreker`) VALUES (8, NULL, NULL, 4, NULL, NULL, NULL, 7);
INSERT INTO `mydb`.`Maaltijd` (`idMaaltijd`, `ticketID`, `lunchVrijdag`, `lunchZaterdag`, `dinerZaterdag`, `lunchZondag`, `dinerZondag`, `idSpreker`) VALUES (9, NULL, NULL, NULL, NULL, NULL, 1, 8);
INSERT INTO `mydb`.`Maaltijd` (`idMaaltijd`, `ticketID`, `lunchVrijdag`, `lunchZaterdag`, `dinerZaterdag`, `lunchZondag`, `dinerZondag`, `idSpreker`) VALUES (10, NULL, NULL, NULL, 2, NULL, NULL, 9);
INSERT INTO `mydb`.`Maaltijd` (`idMaaltijd`, `ticketID`, `lunchVrijdag`, `lunchZaterdag`, `dinerZaterdag`, `lunchZondag`, `dinerZondag`, `idSpreker`) VALUES (11, NULL, 2, NULL, NULL, NULL, NULL, 10);

COMMIT;


-- -----------------------------------------------------
-- Data for table `mydb`.`Activegebruikers`
-- -----------------------------------------------------
START TRANSACTION;
USE `mydb`;
INSERT INTO `mydb`.`Activegebruikers` (`ticketID`, `incheckTijd`, `aantalGebruikersBinnen`, `email`) VALUES (1, '2016-10-11 09:00:43', 3, 'wouter97@planet.nl');

COMMIT;


-- -----------------------------------------------------
-- Data for table `mydb`.`Bestellingen`
-- -----------------------------------------------------
START TRANSACTION;
USE `mydb`;
INSERT INTO `mydb`.`Bestellingen` (`ticketType`, `prijs`, `aantalVrij`) VALUES ('ticketVrijdag', '45', 250);
INSERT INTO `mydb`.`Bestellingen` (`ticketType`, `prijs`, `aantalVrij`) VALUES ('ticketZaterdag', '60', 250);
INSERT INTO `mydb`.`Bestellingen` (`ticketType`, `prijs`, `aantalVrij`) VALUES ('ticketZondag', '30', 250);
INSERT INTO `mydb`.`Bestellingen` (`ticketType`, `prijs`, `aantalVrij`) VALUES ('ticketParsePartout', '100', 250);
INSERT INTO `mydb`.`Bestellingen` (`ticketType`, `prijs`, `aantalVrij`) VALUES ('ticketWeekend', '80', 250);

COMMIT;


-- -----------------------------------------------------
-- Data for table `mydb`.`Login`
-- -----------------------------------------------------
START TRANSACTION;
USE `mydb`;
INSERT INTO `mydb`.`Login` (`email`, `wachtwoord`) VALUES ('info@mail.nl', '123');

COMMIT;


-- -----------------------------------------------------
-- Data for table `mydb`.`Slot`
-- -----------------------------------------------------
START TRANSACTION;
USE `mydb`;
INSERT INTO `mydb`.`Slot` (`idSlot`, `beginTijd`, `eindTijd`, `Zaal`, `status`) VALUES (1, '15:30', '16:30', '1', 'Beschikbaar');
INSERT INTO `mydb`.`Slot` (`idSlot`, `beginTijd`, `eindTijd`, `Zaal`, `status`) VALUES (2, '15:30', '16:30', '2', 'Beschikbaar');
INSERT INTO `mydb`.`Slot` (`idSlot`, `beginTijd`, `eindTijd`, `Zaal`, `status`) VALUES (3, '15:30', '16:30', '3', 'Beschikbaar');
INSERT INTO `mydb`.`Slot` (`idSlot`, `beginTijd`, `eindTijd`, `Zaal`, `status`) VALUES (4, '15:30', '16:30', '4', 'Beschikbaar');
INSERT INTO `mydb`.`Slot` (`idSlot`, `beginTijd`, `eindTijd`, `Zaal`, `status`) VALUES (5, '16:45', '17:45', '1', 'Beschikbaar');
INSERT INTO `mydb`.`Slot` (`idSlot`, `beginTijd`, `eindTijd`, `Zaal`, `status`) VALUES (6, '16:45', '17:45', '2', 'Beschikbaar');
INSERT INTO `mydb`.`Slot` (`idSlot`, `beginTijd`, `eindTijd`, `Zaal`, `status`) VALUES (7, '16:45', '17:45', '3', 'Beschikbaar');
INSERT INTO `mydb`.`Slot` (`idSlot`, `beginTijd`, `eindTijd`, `Zaal`, `status`) VALUES (8, '16:45', '17:45', '4', 'Beschikbaar');
INSERT INTO `mydb`.`Slot` (`idSlot`, `beginTijd`, `eindTijd`, `Zaal`, `status`) VALUES (9, '18:45', '19:45', '1', 'Beschikbaar');
INSERT INTO `mydb`.`Slot` (`idSlot`, `beginTijd`, `eindTijd`, `Zaal`, `status`) VALUES (10, '18:45', '19:45', '2', 'Beschikbaar');
INSERT INTO `mydb`.`Slot` (`idSlot`, `beginTijd`, `eindTijd`, `Zaal`, `status`) VALUES (11, '18:45', '19:45', '3', 'Beschikbaar');
INSERT INTO `mydb`.`Slot` (`idSlot`, `beginTijd`, `eindTijd`, `Zaal`, `status`) VALUES (12, '18:45', '19:45', '4', 'Beschikbaar');
INSERT INTO `mydb`.`Slot` (`idSlot`, `beginTijd`, `eindTijd`, `Zaal`, `status`) VALUES (13, '20:00', '21:00', '1', 'Beschikbaar');
INSERT INTO `mydb`.`Slot` (`idSlot`, `beginTijd`, `eindTijd`, `Zaal`, `status`) VALUES (14, '20:00', '21:00', '2', 'Beschikbaar');
INSERT INTO `mydb`.`Slot` (`idSlot`, `beginTijd`, `eindTijd`, `Zaal`, `status`) VALUES (15, '20:00', '21:00', '3', 'Beschikbaar');
INSERT INTO `mydb`.`Slot` (`idSlot`, `beginTijd`, `eindTijd`, `Zaal`, `status`) VALUES (16, '20:00', '21:00', '4', 'Beschikbaar');
INSERT INTO `mydb`.`Slot` (`idSlot`, `beginTijd`, `eindTijd`, `Zaal`, `status`) VALUES (17, '21:30', '22:30', '1', 'Beschikbaar');
INSERT INTO `mydb`.`Slot` (`idSlot`, `beginTijd`, `eindTijd`, `Zaal`, `status`) VALUES (18, '21:30', '22:30', '2', 'Beschikbaar');
INSERT INTO `mydb`.`Slot` (`idSlot`, `beginTijd`, `eindTijd`, `Zaal`, `status`) VALUES (19, '21:30', '22:30', '3', 'Beschikbaar');
INSERT INTO `mydb`.`Slot` (`idSlot`, `beginTijd`, `eindTijd`, `Zaal`, `status`) VALUES (20, '21:30', '22:30', '4', 'Beschikbaar');
INSERT INTO `mydb`.`Slot` (`idSlot`, `beginTijd`, `eindTijd`, `Zaal`, `status`) VALUES (21, '10:15', '11:15', '1', 'Beschikbaar');
INSERT INTO `mydb`.`Slot` (`idSlot`, `beginTijd`, `eindTijd`, `Zaal`, `status`) VALUES (22, '10:15', '11:15', '2', 'Beschikbaar');
INSERT INTO `mydb`.`Slot` (`idSlot`, `beginTijd`, `eindTijd`, `Zaal`, `status`) VALUES (23, '10:15', '11:15', '3', 'Beschikbaar');
INSERT INTO `mydb`.`Slot` (`idSlot`, `beginTijd`, `eindTijd`, `Zaal`, `status`) VALUES (24, '10:15', '11:15', '4', 'Beschikbaar');
INSERT INTO `mydb`.`Slot` (`idSlot`, `beginTijd`, `eindTijd`, `Zaal`, `status`) VALUES (25, '11:30 ', '12:30', '1', 'Beschikbaar');
INSERT INTO `mydb`.`Slot` (`idSlot`, `beginTijd`, `eindTijd`, `Zaal`, `status`) VALUES (26, '11:30 ', '12:30', '2', 'Beschikbaar');
INSERT INTO `mydb`.`Slot` (`idSlot`, `beginTijd`, `eindTijd`, `Zaal`, `status`) VALUES (27, '11:30 ', '12:30', '3', 'Beschikbaar');
INSERT INTO `mydb`.`Slot` (`idSlot`, `beginTijd`, `eindTijd`, `Zaal`, `status`) VALUES (28, '11:30 ', '12:30', '4', 'Beschikbaar');
INSERT INTO `mydb`.`Slot` (`idSlot`, `beginTijd`, `eindTijd`, `Zaal`, `status`) VALUES (29, '13:00', '14:00', '1', 'Beschikbaar');
INSERT INTO `mydb`.`Slot` (`idSlot`, `beginTijd`, `eindTijd`, `Zaal`, `status`) VALUES (30, '13:00', '14:00', '2', 'Beschikbaar');
INSERT INTO `mydb`.`Slot` (`idSlot`, `beginTijd`, `eindTijd`, `Zaal`, `status`) VALUES (31, '13:00', '14:00', '3', 'Beschikbaar');
INSERT INTO `mydb`.`Slot` (`idSlot`, `beginTijd`, `eindTijd`, `Zaal`, `status`) VALUES (32, '13:00', '14:00', '4', 'Beschikbaar');
INSERT INTO `mydb`.`Slot` (`idSlot`, `beginTijd`, `eindTijd`, `Zaal`, `status`) VALUES (33, '14:15', '15:30', '1', 'Beschikbaar');
INSERT INTO `mydb`.`Slot` (`idSlot`, `beginTijd`, `eindTijd`, `Zaal`, `status`) VALUES (34, '14:15', '15:30', '2', 'Beschikbaar');
INSERT INTO `mydb`.`Slot` (`idSlot`, `beginTijd`, `eindTijd`, `Zaal`, `status`) VALUES (35, '14:15', '15:30', '3', 'Beschikbaar');
INSERT INTO `mydb`.`Slot` (`idSlot`, `beginTijd`, `eindTijd`, `Zaal`, `status`) VALUES (36, '14:15', '15:30', '4', 'Beschikbaar');
INSERT INTO `mydb`.`Slot` (`idSlot`, `beginTijd`, `eindTijd`, `Zaal`, `status`) VALUES (37, '15:30', '16:30', '1', 'Beschikbaar');
INSERT INTO `mydb`.`Slot` (`idSlot`, `beginTijd`, `eindTijd`, `Zaal`, `status`) VALUES (38, '15:30', '16:30', '2', 'Beschikbaar');
INSERT INTO `mydb`.`Slot` (`idSlot`, `beginTijd`, `eindTijd`, `Zaal`, `status`) VALUES (39, '15:30', '16:30', '3', 'Beschikbaar');
INSERT INTO `mydb`.`Slot` (`idSlot`, `beginTijd`, `eindTijd`, `Zaal`, `status`) VALUES (40, '15:30', '16:30', '4', 'Beschikbaar');
INSERT INTO `mydb`.`Slot` (`idSlot`, `beginTijd`, `eindTijd`, `Zaal`, `status`) VALUES (41, '16:45', '17:45', '1', 'Beschikbaar');
INSERT INTO `mydb`.`Slot` (`idSlot`, `beginTijd`, `eindTijd`, `Zaal`, `status`) VALUES (42, '16:45', '17:45', '2', 'Beschikbaar');
INSERT INTO `mydb`.`Slot` (`idSlot`, `beginTijd`, `eindTijd`, `Zaal`, `status`) VALUES (43, '16:45', '17:45', '3', 'Beschikbaar');
INSERT INTO `mydb`.`Slot` (`idSlot`, `beginTijd`, `eindTijd`, `Zaal`, `status`) VALUES (44, '16:45', '17:45', '4', 'Beschikbaar');
INSERT INTO `mydb`.`Slot` (`idSlot`, `beginTijd`, `eindTijd`, `Zaal`, `status`) VALUES (45, '18:45', '19:45', '1', 'Beschikbaar');
INSERT INTO `mydb`.`Slot` (`idSlot`, `beginTijd`, `eindTijd`, `Zaal`, `status`) VALUES (46, '18:45', '19:45', '2', 'Beschikbaar');
INSERT INTO `mydb`.`Slot` (`idSlot`, `beginTijd`, `eindTijd`, `Zaal`, `status`) VALUES (47, '18:45', '19:45', '3', 'Beschikbaar');
INSERT INTO `mydb`.`Slot` (`idSlot`, `beginTijd`, `eindTijd`, `Zaal`, `status`) VALUES (48, '18:45', '19:45', '4', 'Beschikbaar');
INSERT INTO `mydb`.`Slot` (`idSlot`, `beginTijd`, `eindTijd`, `Zaal`, `status`) VALUES (49, '20:00', '21:00', '1', 'Beschikbaar');
INSERT INTO `mydb`.`Slot` (`idSlot`, `beginTijd`, `eindTijd`, `Zaal`, `status`) VALUES (50, '20:00', '21:00', '2', 'Beschikbaar');
INSERT INTO `mydb`.`Slot` (`idSlot`, `beginTijd`, `eindTijd`, `Zaal`, `status`) VALUES (51, '20:00', '21:00', '3', 'Beschikbaar');
INSERT INTO `mydb`.`Slot` (`idSlot`, `beginTijd`, `eindTijd`, `Zaal`, `status`) VALUES (52, '20:00', '21:00', '4', 'Beschikbaar');
INSERT INTO `mydb`.`Slot` (`idSlot`, `beginTijd`, `eindTijd`, `Zaal`, `status`) VALUES (53, '21:30', '22:30', '1', 'Beschikbaar');
INSERT INTO `mydb`.`Slot` (`idSlot`, `beginTijd`, `eindTijd`, `Zaal`, `status`) VALUES (54, '21:30', '22:30', '2', 'Beschikbaar');
INSERT INTO `mydb`.`Slot` (`idSlot`, `beginTijd`, `eindTijd`, `Zaal`, `status`) VALUES (55, '21:30', '22:30', '3', 'Beschikbaar');
INSERT INTO `mydb`.`Slot` (`idSlot`, `beginTijd`, `eindTijd`, `Zaal`, `status`) VALUES (56, '21:30', '22:30', '4', 'Beschikbaar');
INSERT INTO `mydb`.`Slot` (`idSlot`, `beginTijd`, `eindTijd`, `Zaal`, `status`) VALUES (57, '12:15', '13:15', '1', 'Beschikbaar');
INSERT INTO `mydb`.`Slot` (`idSlot`, `beginTijd`, `eindTijd`, `Zaal`, `status`) VALUES (58, '12:15', '13:15', '2', 'Beschikbaar');
INSERT INTO `mydb`.`Slot` (`idSlot`, `beginTijd`, `eindTijd`, `Zaal`, `status`) VALUES (59, '12:15', '13:15', '3', 'Beschikbaar');
INSERT INTO `mydb`.`Slot` (`idSlot`, `beginTijd`, `eindTijd`, `Zaal`, `status`) VALUES (60, '12:15', '13:15', '4', 'Beschikbaar');
INSERT INTO `mydb`.`Slot` (`idSlot`, `beginTijd`, `eindTijd`, `Zaal`, `status`) VALUES (61, '13:30', '14:30', '1', 'Beschikbaar');
INSERT INTO `mydb`.`Slot` (`idSlot`, `beginTijd`, `eindTijd`, `Zaal`, `status`) VALUES (62, '13:30', '14:30', '2', 'Beschikbaar');
INSERT INTO `mydb`.`Slot` (`idSlot`, `beginTijd`, `eindTijd`, `Zaal`, `status`) VALUES (63, '13:30', '14:30', '3', 'Beschikbaar');
INSERT INTO `mydb`.`Slot` (`idSlot`, `beginTijd`, `eindTijd`, `Zaal`, `status`) VALUES (64, '13:30', '14:30', '4', 'Beschikbaar');
INSERT INTO `mydb`.`Slot` (`idSlot`, `beginTijd`, `eindTijd`, `Zaal`, `status`) VALUES (65, '15:00', '16:00', '1', 'Beschikbaar');
INSERT INTO `mydb`.`Slot` (`idSlot`, `beginTijd`, `eindTijd`, `Zaal`, `status`) VALUES (66, '15:00', '16:00', '2', 'Beschikbaar');
INSERT INTO `mydb`.`Slot` (`idSlot`, `beginTijd`, `eindTijd`, `Zaal`, `status`) VALUES (67, '15:00', '16:00', '3', 'Beschikbaar');
INSERT INTO `mydb`.`Slot` (`idSlot`, `beginTijd`, `eindTijd`, `Zaal`, `status`) VALUES (68, '15:00', '16:00', '4', 'Beschikbaar');
INSERT INTO `mydb`.`Slot` (`idSlot`, `beginTijd`, `eindTijd`, `Zaal`, `status`) VALUES (69, '16:15', '17:15', '1', 'Beschikbaar');
INSERT INTO `mydb`.`Slot` (`idSlot`, `beginTijd`, `eindTijd`, `Zaal`, `status`) VALUES (70, '16:15', '17:15', '2', 'Beschikbaar');
INSERT INTO `mydb`.`Slot` (`idSlot`, `beginTijd`, `eindTijd`, `Zaal`, `status`) VALUES (71, '16:15', '17:15', '3', 'Beschikbaar');
INSERT INTO `mydb`.`Slot` (`idSlot`, `beginTijd`, `eindTijd`, `Zaal`, `status`) VALUES (72, '16:15', '17:15', '4', 'Beschikbaar');

COMMIT;


-- -----------------------------------------------------
-- Data for table `mydb`.`Tickets`
-- -----------------------------------------------------
START TRANSACTION;
USE `mydb`;
INSERT INTO `mydb`.`Tickets` (`ticketID`, `ticketVrijdag`, `ticketZaterdag`, `ticketZondag`) VALUES (1, 2, null, null);

COMMIT;


-- -----------------------------------------------------
-- Data for table `mydb`.`Maaltijden`
-- -----------------------------------------------------
START TRANSACTION;
USE `mydb`;
INSERT INTO `mydb`.`Maaltijden` (`maaltijdType`, `prijs`, `aantalVrij`) VALUES ('maaltijdVrijdag', '20', 250);
INSERT INTO `mydb`.`Maaltijden` (`maaltijdType`, `prijs`, `aantalVrij`) VALUES ('maaltijdZaterdag', '20', 250);
INSERT INTO `mydb`.`Maaltijden` (`maaltijdType`, `prijs`, `aantalVrij`) VALUES ('maaltijdZondag', '30', 250);

COMMIT;


-- -----------------------------------------------------
-- Data for table `mydb`.`Tags`
-- -----------------------------------------------------
START TRANSACTION;
USE `mydb`;
INSERT INTO `mydb`.`Tags` (`id`, `naamTag`) VALUES (1, 'Test');

COMMIT;


-- -----------------------------------------------------
-- Data for table `mydb`.`AanvraagTags`
-- -----------------------------------------------------
START TRANSACTION;
USE `mydb`;
INSERT INTO `mydb`.`AanvraagTags` (`idAanvraag`, `idTags`) VALUES (1, 1);

COMMIT;


-- -----------------------------------------------------
-- Data for table `mydb`.`FeestUitnodiging`
-- -----------------------------------------------------
START TRANSACTION;
USE `mydb`;
INSERT INTO `mydb`.`FeestUitnodiging` (`id`, `email`, `maxAantalTickets`) VALUES (1, 'jan@mail.nl', '3');

COMMIT;


-- -----------------------------------------------------
-- Data for table `mydb`.`FeestPlaatsen`
-- -----------------------------------------------------
START TRANSACTION;
USE `mydb`;
INSERT INTO `mydb`.`FeestPlaatsen` (`id`, `AantalVrij`) VALUES (1, '100');

COMMIT;

